subject_id,epoch,inference_seconds,dice_class_1,dice_class_2,dice_class_3,dice_mean,volsim_class_1,volsim_class_2,volsim_class_3,volsim_mean,avd_class_1,avd_class_2,avd_class_3,avd_mean,hd95_class_1,hd95_class_2,hd95_class_3,hd95_mean,assd_class_1,assd_class_2,assd_class_3,assd_mean,cm_0_0,cm_0_1,cm_0_2,cm_0_3,cm_1_0,cm_1_1,cm_1_2,cm_1_3,cm_2_0,cm_2_1,cm_2_2,cm_2_3,cm_3_0,cm_3_1,cm_3_2,cm_3_3
4,0,5.191582441329956,0.5605031281732124,0.56630571854384,0.6567283446986103,0.5945123971385543,0.648305982290063,0.7190753613823723,0.7055268485782491,0.6909693974168949,108.49630492923114,78.13496434575917,83.4761007366798,90.03579000389004,79.1351547241211,66.02619934082031,68.42381286621094,71.19505564371745,12.755648612976074,7.948548793792725,8.79907512664795,9.834424177805582,1914490,169697,145085,68865,112,128337,19405,587,2,11124,135844,25520,0,336,6931,97799
