subject_id,epoch,inference_seconds,dice_class_1,dice_class_2,dice_class_3,dice_mean,volsim_class_1,volsim_class_2,volsim_class_3,volsim_mean,avd_class_1,avd_class_2,avd_class_3,avd_mean,hd95_class_1,hd95_class_2,hd95_class_3,hd95_mean,assd_class_1,assd_class_2,assd_class_3,assd_mean,cm_0_0,cm_0_1,cm_0_2,cm_0_3,cm_1_0,cm_1_1,cm_1_2,cm_1_3,cm_2_0,cm_2_1,cm_2_2,cm_2_3,cm_3_0,cm_3_1,cm_3_2,cm_3_3
5,0,4.563296318054199,0.6313872289884888,0.806922842858097,0.8097816822920081,0.749363918046198,0.6836038367117535,0.9608808911824297,0.8606962564741363,0.8350603281227732,92.56711162130507,7.529282925435673,32.37001264453619,44.15546906375898,75.34907531738281,3.1493477821350098,70.94748039245606,49.815301163991286,12.90754508972168,2.155712127685547,6.271994113922119,7.111750443776448,2082412,102737,18514,28669,3626,119079,5506,716,263,25790,163090,20877,4,665,7097,123516
