subject_id,epoch,inference_seconds,dice_class_1,dice_class_2,dice_class_3,dice_mean,volsim_class_1,volsim_class_2,volsim_class_3,volsim_mean,avd_class_1,avd_class_2,avd_class_3,avd_mean,hd95_class_1,hd95_class_2,hd95_class_3,hd95_mean,assd_class_1,assd_class_2,assd_class_3,assd_mean,cm_0_0,cm_0_1,cm_0_2,cm_0_3,cm_1_0,cm_1_1,cm_1_2,cm_1_3,cm_2_0,cm_2_1,cm_2_2,cm_2_3,cm_3_0,cm_3_1,cm_3_2,cm_3_3
1,0,5.9343461990356445,0.7325256934101149,0.713686272643237,0.8110691590253939,0.7524270416929153,0.87122630113128,0.8410871258902604,0.8900478301404899,0.8674537523873435,29.56148103001676,37.787494117576976,24.707024979130548,30.68533337557476,18.233287811279297,65.202880859375,71.00667572021484,51.48094813028971,4.000436782836914,7.250984191894531,7.5810627937316895,6.277494589487712,2118420,67764,53659,21601,290,137954,24453,1378,15,6556,142445,18857,0,304,10751,113529
