subject_id,epoch,inference_seconds,dice_class_1,dice_class_2,dice_class_3,dice_mean,volsim_class_1,volsim_class_2,volsim_class_3,volsim_mean,avd_class_1,avd_class_2,avd_class_3,avd_mean,hd95_class_1,hd95_class_2,hd95_class_3,hd95_mean,assd_class_1,assd_class_2,assd_class_3,assd_mean,cm_0_0,cm_0_1,cm_0_2,cm_0_3,cm_1_0,cm_1_1,cm_1_2,cm_1_3,cm_2_0,cm_2_1,cm_2_2,cm_2_3,cm_3_0,cm_3_1,cm_3_2,cm_3_3
3,0,5.155878782272339,0.5912529545166088,0.7834984007090832,0.5487844925883695,0.6411786159380205,0.7092659867187444,0.9014165148120213,0.6282964652223489,0.7463263222510382,81.98165955377884,21.87301509747398,118.32106508703922,74.05857991276402,62.996360778808594,4.575939655303955,78.80386352539062,48.792054653167725,8.483977317810059,2.5407209396362305,17.150623321533203,9.39177385965983,1944596,135962,17489,167473,698,123448,23225,717,15,9169,142317,12235,0,914,16519,120321
