subject_id,epoch,inference_seconds,dice_class_1,dice_class_2,dice_class_3,dice_mean,volsim_class_1,volsim_class_2,volsim_class_3,volsim_mean,avd_class_1,avd_class_2,avd_class_3,avd_mean,hd95_class_1,hd95_class_2,hd95_class_3,hd95_mean,assd_class_1,assd_class_2,assd_class_3,assd_mean,cm_0_0,cm_0_1,cm_0_2,cm_0_3,cm_1_0,cm_1_1,cm_1_2,cm_1_3,cm_2_0,cm_2_1,cm_2_2,cm_2_3,cm_3_0,cm_3_1,cm_3_2,cm_3_3
2,0,5.329545736312866,0.5760471340610847,0.7555612516711397,0.6683529526218503,0.6666537794513583,0.6046996403196023,0.903611672346029,0.7676610447307985,0.7586574524654767,130.74271367896608,17.582881032712336,60.531651791886205,69.61908216785487,74.73889923095703,3.000000476837158,67.73849487304688,48.49246486028036,12.757329940795898,1.3951252698898315,9.573897361755371,7.908784190813701,1964619,175128,9933,57737,1246,146462,5454,585,81,30400,150331,37332,3,2770,14070,113355
